risk_band,task,n,mean,sd,median,n_likely_4_or_5,percent_likely_4_or_5,wilson_95_low_percent,wilson_95_high_percent
Lower risk (1--2),Detection,39,4.333333333333333,0.8056815791722831,5.0,33,84.61538461538461,70.2705363510733,92.7525276230179
Lower risk (1--2),Explanation,39,4.384615384615385,0.8770580193070292,5.0,34,87.17948717948718,73.29425662025454,94.39718246302861
Lower risk (1--2),Repair,39,4.3076923076923075,0.8930682225913253,4.0,35,89.74358974358974,76.42114553714347,95.93866865533163
Moderate risk (3),Detection,67,4.253731343283582,0.7249510658948697,4.0,60,89.55223880597015,79.96871695126198,94.84623023121715
Moderate risk (3),Explanation,66,4.4393939393939394,0.6355806038282665,4.5,63,95.45454545454545,87.46668588675777,98.44217256655664
Moderate risk (3),Repair,66,4.287878787878788,0.6964779860710496,4.0,61,92.42424242424242,83.46080497938948,96.72079624370397
High risk (4--5),Detection,43,3.9302325581395348,0.9610348796308641,4.0,36,83.72093023255815,70.02759410625283,91.883372652938
High risk (4--5),Explanation,43,4.255813953488372,0.8477708376288947,4.0,39,90.69767441860465,78.3972963587464,96.32283593682872
High risk (4--5),Repair,43,3.3488372093023258,1.2127049837574355,4.0,24,55.81395348837209,41.1076144528241,69.5666901608295
