subset,task,n,rho,p
All,detection,149,-0.19074308737246273,0.019798580161681897
All,explanation,148,-0.09391368351563778,0.25623573678284506
All,repair,148,-0.3756906764153412,2.5354999144316366e-06
Prolific,detection,103,-0.17940124222804094,0.06979415255010003
Prolific,explanation,102,-0.01376774054392916,0.8907619268454054
Prolific,repair,102,-0.3619372192510519,0.00018556919360023986
Non-Prolific,detection,46,-0.1791989325058294,0.233412967019411
Non-Prolific,explanation,46,-0.21992952223133477,0.14193223091377133
Non-Prolific,repair,46,-0.3642732474134736,0.012817602312622238
Excluding under 4 min,detection,144,-0.19414691055325686,0.01971702197004998
Excluding under 4 min,explanation,143,-0.0718260387158786,0.3939489071427268
Excluding under 4 min,repair,143,-0.3815369970047796,2.5816232625171173e-06
