term,coef,se,ci_low,ci_high,p,n_observations,n_respondents
Intercept,4.407645375616262,0.056612268473097256,4.2966873683258795,4.518603382906645,0.0,436,146
C(task)[T.detection],-0.21051267309559205,0.05911379180039011,-0.32637357601395584,-0.09465177017722827,0.0003692437329611643,436,146
C(task)[T.repair],-0.35860708791253204,0.0737688672896615,-0.5031914109805835,-0.21402276484448063,1.1666135430457113e-06,436,146
risk_score_z,0.09684987275197134,0.06603769181770122,-0.03258162483287848,0.22628137033682116,0.14248904686358238,436,146
C(task)[T.detection]:risk_score_z,-0.13920907096487234,0.0695865463062632,-0.2755961955336769,-0.0028219463960677538,0.045444462824314205,436,146
C(task)[T.repair]:risk_score_z,-0.37443552976443273,0.08892178665869815,-0.5487190290564354,-0.20015203047243008,2.544214588302039e-05,436,146
overall_performance_score_z,0.22661211261439973,0.050907221449808866,0.12683579201976944,0.32638843320903,8.528332892368351e-06,436,146
verification_breadth_score_z,0.0960529756472105,0.049238244227899755,-0.00045220970146021833,0.19255816099588124,0.051083237513014586,436,146
traditional_preference_score_z,-0.11713671282635474,0.052734229936320945,-0.22049390425399773,-0.013779521398711733,0.026333000553487876,436,146
experience_score_z,0.008936889001912966,0.05094170289139149,-0.09090701397635428,0.10878079198018023,0.860738899741693,436,146
security_task_frequency_score_z,0.009236172508266041,0.049234941077475794,-0.0872625387845382,0.10573488380107028,0.8511950419592507,436,146
