model,term,beta,robust_se,ci_low,ci_high,p,n,R2,adjR2
M0 original,overall_performance_score,0.3307413455878405,0.08220890698366266,0.16961484869145838,0.49186784248422266,5.741723803184865e-05,144,0.2451309957310247,0.2062774440407098
M0 original,risk_score,-0.11998678430237804,0.09071466173586361,-0.29778425417440446,0.05781068556964837,0.18594066018761257,144,0.2451309957310247,0.2062774440407098
M0 original,verification_breadth_score,0.16022962554960216,0.07707581027290666,0.00916381333546279,0.3112954377637415,0.037630450860259096,144,0.2451309957310247,0.2062774440407098
M0 original,traditional_preference_score,-0.1828692236180406,0.08487219911990479,-0.34921567718176605,-0.016522770054315128,0.031189842408550245,144,0.2451309957310247,0.2062774440407098
M0 original,negative_fix_outcome_score,0.017268098669457537,0.08649964348951118,-0.15226808724553895,0.186804284584454,0.8417683824888273,144,0.2451309957310247,0.2062774440407098
M0 original,experience_score,0.017723481852241957,0.08532262836993555,-0.14950579681912718,0.1849527605236111,0.8354451708505741,144,0.2451309957310247,0.2062774440407098
M0 original,security_task_frequency_score,0.023196889523002723,0.07879598116133438,-0.13124039567970924,0.1776341747257147,0.7684585437675067,144,0.2451309957310247,0.2062774440407098
M1 breadth without compare-AI,overall_performance_score,0.35180548476678175,0.08364261865147726,0.18786896463726813,0.5157420048962954,2.5986659903788564e-05,144,0.23108209726984963,0.19150544051168006
M1 breadth without compare-AI,risk_score,-0.10944210297954418,0.09100760709550887,-0.28781373520591347,0.06892952924682508,0.2291466558151516,144,0.23108209726984963,0.19150544051168006
M1 breadth without compare-AI,breadth_no_compare,0.09520382167914239,0.0831488363913829,-0.0677649030043815,0.2581725463626663,0.25221710858327573,144,0.23108209726984963,0.19150544051168006
M1 breadth without compare-AI,traditional_preference_score,-0.18752877146208405,0.08864151416646246,-0.36126294676344745,-0.013794596160720651,0.03438000950039431,144,0.23108209726984963,0.19150544051168006
M1 breadth without compare-AI,negative_fix_outcome_score,0.019029122643725534,0.08936600567895384,-0.15612502992922594,0.194183275216677,0.8313779047274257,144,0.23108209726984963,0.19150544051168006
M1 breadth without compare-AI,experience_score,0.02244195194203996,0.08613904601123107,-0.14638747590261153,0.19127137978669145,0.794453667626458,144,0.23108209726984963,0.19150544051168006
M1 breadth without compare-AI,security_task_frequency_score,0.04871455917847215,0.0771850007116655,-0.10256526236309066,0.19999438072003495,0.5279488379573538,144,0.23108209726984963,0.19150544051168006
M2 per-method,overall_performance_score,0.33098847754108446,0.09219466524297278,0.1502902540981311,0.5116867009840378,0.0003305454867051154,144,0.26827036963619344,0.20729290043920956
M2 per-method,risk_score,-0.1411207677133522,0.09702809817176088,-0.33129234561842014,0.04905081019171578,0.1458265824889346,144,0.26827036963619344,0.20729290043920956
M2 per-method,traditional_preference_score,-0.12673485174637145,0.09659965091785933,-0.3160666884645173,0.0625969849717744,0.18953372298204207,144,0.26827036963619344,0.20729290043920956
M2 per-method,negative_fix_outcome_score,-0.00701492109230982,0.0936985043844841,-0.190660615091167,0.17663077290654738,0.9403205740896098,144,0.26827036963619344,0.20729290043920956
M2 per-method,experience_score,0.0444832180251952,0.09234580118359972,-0.13651122641815655,0.22547766246854695,0.6300171865361776,144,0.26827036963619344,0.20729290043920956
M2 per-method,security_task_frequency_score,0.016517473252574986,0.0820040532619105,-0.14420751772707394,0.17724246423222392,0.8403681104384575,144,0.26827036963619344,0.20729290043920956
M2 per-method,v_review,0.09373732943690832,0.09197577201449615,-0.08653187116177113,0.2740065300355878,0.30813061726499336,144,0.26827036963619344,0.20729290043920956
M2 per-method,v_tests,0.13373089674639815,0.09842759637661927,-0.05918364723662073,0.32664544072941704,0.17425029885251409,144,0.26827036963619344,0.20729290043920956
M2 per-method,v_sast,-0.017610932166320547,0.0768787329125578,-0.1682904798520079,0.13306861551936683,0.818811266693301,144,0.26827036963619344,0.20729290043920956
M2 per-method,v_compare,0.16726563063192215,0.08248484414068288,0.005598306845783996,0.3289329544180603,0.04257711973066092,144,0.26827036963619344,0.20729290043920956
M2 per-method,v_docs,-0.001204452955120533,0.0900463443779047,-0.17769204487530452,0.17528313896506345,0.989327875908643,144,0.26827036963619344,0.20729290043920956
M3 + AI usage,overall_performance_score,0.19288746386827912,0.08687085180812162,0.022623723018044495,0.36315120471851375,0.026392076350392,144,0.32038824615353256,0.28011495703670486
M3 + AI usage,risk_score,-0.09828769080675909,0.08688661875514092,-0.26858233430529765,0.07200695269177951,0.25796342651389403,144,0.32038824615353256,0.28011495703670486
M3 + AI usage,verification_breadth_score,0.12103207901436407,0.07348190304946936,-0.022989804478059858,0.265053962506788,0.09953739105525755,144,0.32038824615353256,0.28011495703670486
M3 + AI usage,traditional_preference_score,-0.1442289005851906,0.07976135355731465,-0.30055828091569303,0.01210047974531181,0.07056675535359029,144,0.32038824615353256,0.28011495703670486
M3 + AI usage,negative_fix_outcome_score,-0.0500842706398016,0.0869902037715218,-0.22058193703978474,0.12041339576018152,0.5647868098122096,144,0.32038824615353256,0.28011495703670486
M3 + AI usage,experience_score,0.025181132236902957,0.07998070906526586,-0.13157817698899432,0.18194044146280025,0.7528830843814032,144,0.32038824615353256,0.28011495703670486
M3 + AI usage,security_task_frequency_score,-0.08224035400132898,0.07895196878242314,-0.236983369323409,0.07250266132075103,0.2975737684144214,144,0.32038824615353256,0.28011495703670486
M3 + AI usage,overall_ai_usage_score,0.34295609080278916,0.09214836033226666,0.16234862331712716,0.5235635582884511,0.0001978219300334101,144,0.32038824615353256,0.28011495703670486
M4 + positive repair outcomes,overall_performance_score,0.1462139257992009,0.09548731476039096,-0.04093777211160529,0.3333656237100071,0.1257102695133798,144,0.3083116219113434,0.26732268098757117
M4 + positive repair outcomes,risk_score,-0.07156918694141456,0.08664024040173163,-0.24138093774070066,0.09824256385787153,0.408775622067013,144,0.3083116219113434,0.26732268098757117
M4 + positive repair outcomes,verification_breadth_score,0.143820633799392,0.07162443589409817,0.003439319033961691,0.2842019485648223,0.04464512173009376,144,0.3083116219113434,0.26732268098757117
M4 + positive repair outcomes,traditional_preference_score,-0.14473111357691268,0.08324413883459676,-0.30788662761677443,0.018424400462949048,0.08209911234236524,144,0.3083116219113434,0.26732268098757117
M4 + positive repair outcomes,negative_fix_outcome_score,0.0018037721578658857,0.08182705296230311,-0.15857430460929975,0.16218184892503154,0.9824130852216074,144,0.3083116219113434,0.26732268098757117
M4 + positive repair outcomes,experience_score,-0.025692172598838346,0.07687327729888918,-0.1763610274782217,0.12497668228054498,0.7382176180406914,144,0.3083116219113434,0.26732268098757117
M4 + positive repair outcomes,security_task_frequency_score,0.020688970088942667,0.076062895012118,-0.12839156469465995,0.16976950487254527,0.7856234078399971,144,0.3083116219113434,0.26732268098757117
M4 + positive repair outcomes,positive_fix_outcome_score,0.3307159646869986,0.09903520405451455,0.13661053153857494,0.5248213978354223,0.0008396627550093312,144,0.3083116219113434,0.26732268098757117
M5 task outcome: detection,overall_performance_score,0.24686290347373888,0.08109144034980893,0.08792660093363525,0.4057992060138425,0.002332584750001038,144,0.22492893639624045,0.18503557282839989
M5 task outcome: detection,risk_score,-0.08494474678438085,0.08663117164568829,-0.25473872314843743,0.08484922957967572,0.3268229508786422,144,0.22492893639624045,0.18503557282839989
M5 task outcome: detection,verification_breadth_score,0.20788698396383232,0.08931660430387721,0.032829656306817806,0.38294431162084686,0.019937128985779724,144,0.22492893639624045,0.18503557282839989
M5 task outcome: detection,traditional_preference_score,-0.2653300633669433,0.08411117455630389,-0.4301849361946607,-0.10047519053922593,0.0016076444857965942,144,0.22492893639624045,0.18503557282839989
M5 task outcome: detection,negative_fix_outcome_score,0.10133588608607495,0.09517688656679893,-0.08520738374550503,0.28787915591765495,0.28700669259684997,144,0.22492893639624045,0.18503557282839989
M5 task outcome: detection,experience_score,0.0010314868847015254,0.09383939224189866,-0.1828903422405472,0.18495331600995027,0.99122979308273,144,0.22492893639624045,0.18503557282839989
M5 task outcome: detection,security_task_frequency_score,0.07424247211791656,0.08997689329447342,-0.10210899818005485,0.25059394241588795,0.4092988104509807,144,0.22492893639624045,0.18503557282839989
M5 task outcome: explanation,overall_performance_score,0.277217919009327,0.08162359038492796,0.11723862156601836,0.43719721645263565,0.0006830431203475862,143,0.12807233899173076,0.08286127508759833
M5 task outcome: explanation,risk_score,0.1323599727336343,0.10404485347410208,-0.07156419285235288,0.3362841383196215,0.20332217654822193,143,0.12807233899173076,0.08286127508759833
M5 task outcome: explanation,verification_breadth_score,0.09122182683118132,0.07937381122163277,-0.06434798447890008,0.24679163814126273,0.2504452522871313,143,0.12807233899173076,0.08286127508759833
M5 task outcome: explanation,traditional_preference_score,-0.1228412350701978,0.08964084281712068,-0.2985340585355703,0.05285158839517472,0.17057103759577763,143,0.12807233899173076,0.08286127508759833
M5 task outcome: explanation,negative_fix_outcome_score,-0.09109526164086741,0.09473321287089174,-0.27676894700758153,0.0945784237258467,0.3362516104347115,143,0.12807233899173076,0.08286127508759833
M5 task outcome: explanation,experience_score,-0.020612195409773146,0.1023951493176072,-0.22130300026388433,0.18007860944433807,0.8404636066258652,143,0.12807233899173076,0.08286127508759833
M5 task outcome: explanation,security_task_frequency_score,0.11171906991776376,0.08006541187123276,-0.04520625375721815,0.26864439359274567,0.16291108363590345,143,0.12807233899173076,0.08286127508759833
M5 task outcome: repair,overall_performance_score,0.2731096533172373,0.10070991871756414,0.0757218397448553,0.4704974668896193,0.006690994470893695,143,0.24258570576677718,0.20331237199172125
M5 task outcome: repair,risk_score,-0.2708486446200534,0.09553082766792931,-0.4580856262624974,-0.08361166297760947,0.004579754246482885,143,0.24258570576677718,0.20331237199172125
M5 task outcome: repair,verification_breadth_score,0.09954144389105858,0.06750452240261073,-0.032764988811635684,0.23184787659375283,0.14032300346874568,143,0.24258570576677718,0.20331237199172125
M5 task outcome: repair,traditional_preference_score,-0.06487156137335437,0.0842241898246178,-0.22994794005667013,0.10020481730996139,0.44116654388405674,143,0.24258570576677718,0.20331237199172125
M5 task outcome: repair,negative_fix_outcome_score,0.010255459811372162,0.08319714839766275,-0.1528079546644811,0.17331887428722542,0.9018957010045473,143,0.24258570576677718,0.20331237199172125
M5 task outcome: repair,experience_score,0.04690410289239131,0.0695885146917794,-0.08948687964113275,0.18329508542591536,0.5002981214297331,143,0.24258570576677718,0.20331237199172125
M5 task outcome: repair,security_task_frequency_score,-0.10811150338393744,0.0767792891927362,-0.2585961449602858,0.042373138192410925,0.15910691259819776,143,0.24258570576677718,0.20331237199172125
