model,term,std_beta,robust_se_hc3,z,p_value,ci95_low,ci95_high
interaction_risk_by_verification_breadth,const,-0.004346109907086282,0.07792726333758049,-0.055771365770397416,0.9555239462328362,-0.1570807394625126,0.14838851964834004
interaction_risk_by_verification_breadth,overall_performance_score,0.32655176505795047,0.08361588847652872,3.905379360402476,9.407768299025832e-05,0.16266763510863647,0.4904358950072645
interaction_risk_by_verification_breadth,risk_score,-0.12101076108102497,0.09498613913914704,-1.2739833640754044,0.20266931200407345,-0.3071801728242636,0.06515865066221364
interaction_risk_by_verification_breadth,verification_breadth_score,0.17269924475139187,0.07923065080596906,2.179702463562007,0.029279523838597363,0.01741002270002312,0.3279884668027606
interaction_risk_by_verification_breadth,traditional_preference_score,-0.17505559190884584,0.08590500831405948,-2.037780978599774,0.04157184147224494,-0.34342631429601633,-0.006684869521675352
interaction_risk_by_verification_breadth,negative_fix_outcome_score,0.012308742980488556,0.08716032188663318,0.14121956773516933,0.887696488169628,-0.15852234879823068,0.1831398347592078
interaction_risk_by_verification_breadth,experience_score,0.012583630187039592,0.08526301405266075,0.14758603512734844,0.8826694767546125,-0.154528806569508,0.17969606694358717
interaction_risk_by_verification_breadth,security_task_frequency_score,0.03690493292506329,0.0787577498846966,0.4685879545707321,0.6393641888421616,-0.11745742035235564,0.19126728620248223
interaction_risk_by_verification_breadth,risk_x_verification_breadth,0.06542766000981338,0.08235334882259912,0.7944747960493254,0.4269190760191929,-0.09598193768874495,0.2268372577083717
