Dataset,Code family,Code ID,Label,N,Coder A positives,Coder B positives,Both positive,Both negative,Observed agreement,Expected agreement,Cohen's kappa,Interpretation / action,Unnamed: 13
Incident Responses,Failure mode,IF_FALSE_POSITIVE,False positive / fabricated vulnerability,35.0,8.0,8.0,8.0,27.0,1.0,0.6473469387755102,1.0,Perfect agreement,
Incident Responses,Failure mode,IF_FALSE_NEGATIVE,Missed vulnerability / false reassurance,35.0,6.0,6.0,6.0,29.0,1.0,0.7159183673469389,1.0,Perfect agreement,
Incident Responses,Failure mode,IF_INCORRECT_EXPLANATION,Incorrect explanation or root cause,35.0,2.0,3.0,2.0,32.0,0.9714285714285714,0.866938775510204,0.7852760736196319,Acceptable with review,
Incident Responses,Failure mode,IF_SEVERITY_ERROR,Severity or exploitability miscalibration,35.0,3.0,3.0,3.0,32.0,1.0,0.8432653061224489,1.0,Perfect agreement,
Incident Responses,Failure mode,IF_OUTDATED_GUIDANCE,Outdated or deprecated guidance,35.0,2.0,3.0,2.0,32.0,0.9714285714285714,0.866938775510204,0.7852760736196319,Acceptable with review,
Incident Responses,Failure mode,IF_INCOMPLETE_FIX,Incomplete or ineffective remediation,35.0,3.0,2.0,2.0,32.0,0.9714285714285714,0.866938775510204,0.7852760736196319,Acceptable with review,
Incident Responses,Failure mode,IF_UNSAFE_FIX,Unsafe security recommendation,35.0,9.0,11.0,9.0,24.0,0.9428571428571428,0.590204081632653,0.8605577689243028,Strong agreement,
Incident Responses,Failure mode,IF_FUNCTIONAL_REGRESSION,Functional or operational regression,35.0,1.0,1.0,1.0,34.0,1.0,0.9444897959183673,1.0,Perfect agreement,
Incident Responses,Failure mode,IF_NEW_VULNERABILITY,New vulnerability introduced,35.0,6.0,8.0,6.0,27.0,0.9428571428571428,0.6783673469387757,0.8223350253807106,Strong agreement,
Incident Responses,Contributing condition,IC_MISSING_CONTEXT,Missing contextual knowledge,35.0,6.0,7.0,6.0,28.0,0.9714285714285714,0.6971428571428572,0.9056603773584905,Strong agreement,
Incident Responses,Contributing condition,IC_OVERCONFIDENCE,Overconfident presentation,35.0,4.0,4.0,4.0,31.0,1.0,0.7975510204081633,1.0,Perfect agreement,
Incident Responses,Contributing condition,IC_INPUT_LIMITATION,Prompt or input limitation,35.0,2.0,2.0,2.0,33.0,1.0,0.8922448979591837,1.0,Perfect agreement,
Incident Responses,Consequence/response,IR_VERIFICATION,Independent verification,35.0,7.0,6.0,6.0,28.0,0.9714285714285714,0.6971428571428572,0.9056603773584905,Strong agreement,
Incident Responses,Consequence/response,IR_WASTED_EFFORT,Wasted effort or unnecessary remediation,35.0,2.0,2.0,2.0,33.0,1.0,0.8922448979591837,1.0,Perfect agreement,
Incident Responses,Consequence/response,IR_OPERATIONAL_IMPACT,Operational disruption,35.0,1.0,1.0,1.0,34.0,1.0,0.9444897959183673,1.0,Perfect agreement,
Incident Responses,Consequence/response,IR_PREVENTED_HARM,Harm prevented before adoption,35.0,1.0,2.0,1.0,33.0,0.9714285714285714,0.9175510204081633,0.6534653465346533,Acceptable with review,
Incident Responses,Consequence/response,IR_ACTUAL_HARM,Adverse outcome after adoption,35.0,5.0,5.0,4.0,29.0,0.9428571428571428,0.7551020408163265,0.7666666666666666,Acceptable with review,
General Reflections,Benefit,GR_PRODUCTIVITY,Productivity and efficiency,13.0,2.0,3.0,2.0,10.0,0.9230769230769231,0.6863905325443787,0.7547169811320756,Acceptable with review,
General Reflections,Benefit,GR_LEARNING,Learning and explanation benefit,13.0,1.0,2.0,1.0,11.0,0.9230769230769231,0.7928994082840236,0.6285714285714289,Acceptable with review,
General Reflections,Benefit,GR_TASK_STRENGTH,Task-specific strength,13.0,3.0,4.0,3.0,9.0,0.9230769230769231,0.6035502958579883,0.8059701492537314,Strong agreement,
General Reflections,Limitation,GR_RELIABILITY_LIMIT,Reliability or accuracy limitation,13.0,3.0,4.0,3.0,9.0,0.9230769230769231,0.6035502958579883,0.8059701492537314,Strong agreement,
General Reflections,Limitation,GR_CONTEXT_LIMIT,Context limitation,13.0,2.0,2.0,2.0,11.0,1.0,0.7396449704142012,1.0,Perfect agreement,
General Reflections,Safeguard/adoption,GR_VERIFICATION,Verification is necessary,13.0,5.0,5.0,5.0,8.0,1.0,0.5266272189349113,1.0,Perfect agreement,
General Reflections,Safeguard/adoption,GR_HUMAN_OVERSIGHT,Human judgment and accountability,13.0,6.0,6.0,6.0,7.0,1.0,0.5029585798816568,1.0,Perfect agreement,
General Reflections,Safeguard/adoption,GR_TOOL_COMPLEMENTARITY,AI complements traditional tools,13.0,1.0,2.0,1.0,11.0,0.9230769230769231,0.7928994082840236,0.6285714285714289,Acceptable with review,
General Reflections,Safeguard/adoption,GR_CONDITIONAL_TRUST,Conditional or bounded trust,13.0,6.0,8.0,6.0,5.0,0.8461538461538461,0.4911242603550296,0.6976744186046512,Acceptable with review,
General Reflections,Future outlook,GR_AUTOMATION_OUTLOOK,Future automation or agentic use,13.0,1.0,2.0,1.0,11.0,0.9230769230769231,0.7928994082840236,0.6285714285714289,Acceptable with review,
General Reflections,Risk/impact,GR_PRIVACY_RISK,"Privacy, confidentiality, or data exposure risk",13.0,2.0,2.0,2.0,11.0,1.0,0.7396449704142012,1.0,Perfect agreement,
General Reflections,Risk/impact,GR_SKILL_IMPACT,"Developer skill, role, or workforce impact",13.0,2.0,2.0,2.0,11.0,1.0,0.7396449704142012,1.0,Perfect agreement,
