group,positive_label,outcome,n_positive,n_other,median_positive,median_other,U,p,context,p_holm
context_01,True,overall_ai_usage_score,111,37,3.5,3.25,2603.5,0.014385874108788289,"While coding in the IDE (inline support, autocomplete, inline analysis)",0.28771748217576576
context_01,True,overall_performance_score,111,37,3.5,3.3333333333333335,2333.5,0.21354045190261361,"While coding in the IDE (inline support, autocomplete, inline analysis)",1.0
context_01,True,risk_score,112,38,3.0,3.0,1964.5,0.4530734901474236,"While coding in the IDE (inline support, autocomplete, inline analysis)",1.0
context_01,True,verification_breadth_score,113,39,3.0,3.0,2373.0,0.45340646178186683,"While coding in the IDE (inline support, autocomplete, inline analysis)",1.0
context_01,True,future_intent_score,113,37,4.333333333333333,4.0,2394.5,0.17621871370026043,"While coding in the IDE (inline support, autocomplete, inline analysis)",1.0
context_02,True,overall_ai_usage_score,99,49,3.5,3.3333333333333335,2943.5,0.033934948285793666,"During code review (pull requests, merge checks)",0.610829069144286
context_02,True,overall_performance_score,99,49,3.5,3.5,2568.0,0.5609169396713827,"During code review (pull requests, merge checks)",1.0
context_02,True,risk_score,100,50,3.0,3.0,2321.0,0.4484168198987055,"During code review (pull requests, merge checks)",1.0
context_02,True,verification_breadth_score,101,51,3.0,2.0,3355.0,0.0013904500819866463,"During code review (pull requests, merge checks)",0.03058990180370622
context_02,True,future_intent_score,100,50,4.333333333333333,4.0,3166.5,0.006648276725774708,"During code review (pull requests, merge checks)",0.13961381124126887
context_03,True,overall_ai_usage_score,61,87,3.75,3.25,3652.0,9.214758289832775e-05,"As part of CI/CD pipelines (automated scans, build checks)",0.0023036895724581935
context_03,True,overall_performance_score,61,87,3.5,3.375,2761.5,0.6738513679313347,"As part of CI/CD pipelines (automated scans, build checks)",1.0
context_03,True,risk_score,61,89,3.0,3.0,2850.0,0.5821805142076808,"As part of CI/CD pipelines (automated scans, build checks)",1.0
context_03,True,verification_breadth_score,61,91,3.0,3.0,3597.0,0.0011731814320301913,"As part of CI/CD pipelines (automated scans, build checks)",0.0269831729366944
context_03,True,future_intent_score,61,89,4.0,4.333333333333333,2795.5,0.7529043814393725,"As part of CI/CD pipelines (automated scans, build checks)",1.0
context_04,True,overall_ai_usage_score,61,87,3.6666666666666665,3.5,2860.0,0.41957750390920157,During testing or fuzzing (runtime/dynamic checks),1.0
context_04,True,overall_performance_score,61,87,3.5,3.3333333333333335,3123.5,0.06604514437390883,During testing or fuzzing (runtime/dynamic checks),0.9906771656086325
context_04,True,risk_score,62,88,3.0,3.0,2196.5,0.030868150474135148,During testing or fuzzing (runtime/dynamic checks),0.5864948590085678
context_04,True,verification_breadth_score,62,90,3.0,3.0,3328.0,0.034077859660550776,During testing or fuzzing (runtime/dynamic checks),0.610829069144286
context_04,True,future_intent_score,62,88,4.333333333333333,4.166666666666666,2824.0,0.7094853233073057,During testing or fuzzing (runtime/dynamic checks),1.0
context_05,True,overall_ai_usage_score,85,63,3.6666666666666665,3.3333333333333335,3198.0,0.04252707368180704,"For security learning or documentation (understanding vulnerabilities, training)",0.6804331789089126
context_05,True,overall_performance_score,85,63,3.5,3.375,2920.5,0.34458963227115347,"For security learning or documentation (understanding vulnerabilities, training)",1.0
context_05,True,risk_score,87,63,3.0,3.0,2429.5,0.20786840928952233,"For security learning or documentation (understanding vulnerabilities, training)",1.0
context_05,True,verification_breadth_score,87,65,3.0,2.0,3699.5,0.000642242204444737,"For security learning or documentation (understanding vulnerabilities, training)",0.015413812906673686
context_05,True,future_intent_score,86,64,4.333333333333333,4.0,3138.5,0.13381828937324147,"For security learning or documentation (understanding vulnerabilities, training)",1.0
